ID,Category,Feedback
1,Network,"The network infrastructure is robust and usually efficient, though intermittent glitches sometimes hamper productivity and clarity."
2,Business needs,"Our current infrastructure aligns with business needs, yet occasional rigidity in legacy systems hinders innovative approaches."
3,Security,"I appreciate the proactive approach to security, though the multi-step authentication process sometimes seems overly complicated."
4,Quality of tools,"Our tools maintain high quality with intuitive design and regular updates, even though rare performance lags can hinder productivity."
5,IT-support,"The IT-support team is consistently prompt and courteous, though occasional miscommunications lead to fleeting moments of uncertainty."
6,Quality of tools,"Our advanced software tools offer a mix of efficiency and creativity, but the occasional downtime introduces a fleeting sense of dismay."
7,Security,"I feel more secure with the recent network defense upgrades, yet the complexity of the security software occasionally overwhelms my routine."
8,Security,"The new cybersecurity measures give me confidence in our data protection, though frequently changing protocols sometimes cause confusion."
9,Security,"Our enhanced firewall settings significantly lower threats, though frequent reminders to update can feel intrusive."
10,IT-support,"The assistance from IT-support is generally effective, though sporadic technical mishaps occasionally undermine steady progress."
11,Network,"Network performance is generally satisfactory, but unexpected downtime during peak hours creates anxiety about meeting deadlines."
12,Training,"The training materials are succinct and creatively presented, but rapid changes in content sometimes create a disconnect."
13,Business needs,"The integration of technology with our business goals is promising, though outdated processes occasionally clash with modern expectations."
14,Training,"The curriculum is robust and adapts to emerging trends, though it sometimes lacks tailored details specific to my role."
15,Training,"The hands-on exercises are engaging and boost confidence, though I occasionally struggle to keep up with the fast pace."
16,Training,"Although the sessions are structured to be interactive, unexpected glitches disrupt the flow and leave me with some unanswered questions."
17,Business needs,"I recognize the efforts to merge IT and business strategies, though sporadic mismatches sometimes lead to project delays."
18,Quality of tools,"The digital tools consistently support day-to-day work, yet occasional interface inconsistencies open up space for minor critiques."
19,Quality of tools,"I appreciate the blend of innovation and stability in our tools, though sporadic integration issues sometimes test my patience."
20,Network,"The network supports daily operations well, yet intermittent signal drops leave me with a mix of irritation and hope for prompt improvements."
21,Training,"While the training sessions aim to cover a wide range of topics, their fast pacing occasionally results in uneven clarity and minor confusion."
22,Network,"While the network operates effectively most times, sporadic slow transmissions during heavy usage create brief instability."
23,IT-support,"While IT-support usually offers strong resolution strategies, intermittent communication gaps occasionally disrupt workflow."
24,Security,"I value our firm stance on cybersecurity, even as a continuous stream of alerts occasionally turns reassurance into slight irritation."
25,Security,"The security team usually implements robust measures successfully, yet sporadic warnings create moments of heightened alertness."
26,Training,"The recent training sessions on new software updates provided clear guidance, though sometimes their rapid pace left me wishing for more practical examples."
27,Quality of tools,"The suite of tools is modern and user-friendly, though a few lagging behind expectations stir brief episodes of frustration."
28,Security,"The stringent security protocols inspire trust, even if the regular system prompts interrupt workflow more than I'd like."
29,Security,"Robust security protocols foster a safe system environment, but occasional delays in updates sometimes spark minor apprehension."
30,Training,"Live workshops are full of energy and support, though scheduling conflicts now and then lead to mixed messages."
31,Security,"Timely security updates fortify our systems, even though brief periods of isolation during updates can be disconcerting."
32,Network,"I appreciate the steady connectivity, although occasional latency disrupts workflow and adds a layer of controlled frustration."
33,Business needs,"Our systems generally support business functions effectively, yet sporadic delays in adapting to new trends sometimes create operational bottlenecks."
34,Training,"The interactive training modules are well-designed but occasionally overwhelm with too many complex details, balancing excitement with mild frustration."
35,IT-support,"Customer service from IT-support is engaging and resourceful, but the occasional oversight leaves tasks unfinished and briefly worrisome."
36,Training,"I appreciate how the sessions cover both the basics and advanced features, yet the limited time for Q&A sometimes leaves lingering doubts."
37,Quality of tools,"Iâ€™m impressed by the robustness of our software tools, yet occasional glitches during critical operations disrupt my workflow."
38,Business needs,"The IT solutions seem aligned with our evolving business needs, though occasional mismatches in technology and strategy leave me seeking clearer direction."
39,IT-support,"I appreciate IT-supportâ€™s readiness to tackle challenges, even though periodic delays in follow-up communications cloud the experience."
40,Business needs,"The balance between technical capability and business strategy is well-considered, though occasional oversights in market adaptability create subtle frustrations."
41,Network,"The office network's reliability is commendable, yet sporadic slowdowns introduce brief moments of uncertainty during critical tasks."
42,IT-support,"The comprehensive responses from IT-support are quite reassuring, though backlog delays sometimes counteract the positive support."
43,IT-support,"I value IT-supportâ€™s clear follow-ups, yet delays in resolving complex issues sometimes leave a lingering sense of apprehension."
44,Quality of tools,"The high quality of our system tools fosters productivity, though minor and persistent connectivity challenges occasionally dampen the overall experience."
45,IT-support,"IT-support often exceeds expectations with timely responses and practical solutions, though recurring issues still stir mild frustration."
46,Training,"I find the training generally beneficial, yet at times the depth of content exceeds my comfort level and leaves parts underexplored."
47,Quality of tools,"The quality of our primary tools is commendable, though sporadic bugs and outdated interfaces sometimes temper initial enthusiasm."
48,Network,"Connectivity is strong and dependable	 however, periodic drops sow seeds of concern regarding data consistency."
49,Security,"Enhanced monitoring tools fortify our security practices, though occasional false alarms trigger unnecessary concerns."
50,Business needs,"I appreciate the efforts to tailor IT solutions to our business model, even if delays in responsiveness sometimes generate uncertainty."
